{
    "vertices":[-12.8139,0.015681,4.15274,-2.89622,0.015681,4.15745,-2.89634,0.015681,4.40401,-12.814,0.015681,4.3993,-12.8139,2.01568,4.15274,-2.89622,2.01568,4.15745,-2.89634,2.01568,4.40401,-12.814,2.01568,4.3993],
    "faces":[33,0,1,2,3,0,1,2,3,33,4,7,6,5,4,5,6,7,33,0,4,5,1,0,4,7,1,33,1,5,6,2,1,7,6,2,33,2,6,7,3,2,6,5,3,33,4,0,3,7,4,0,3,5],
    "normals":[-0.577044,-0.577349,-0.577624,0.577624,-0.577349,-0.577044,0.577044,-0.577349,0.577624,-0.577624,-0.577349,0.577044,-0.577044,0.577349,-0.577624,-0.577624,0.577349,0.577044,0.577044,0.577349,0.577624,0.577624,0.577319,-0.577044],
    "name":"Cube.005Geometry",
    "metadata":{
        "generator":"io_three",
        "vertices":8,
        "faces":6,
        "normals":8,
        "type":"Geometry",
        "version":3,
        "uvs":0
    },
    "uvs":[]
}